edge,tau_ij,tau_ij_over_tau_crit
1-2,0.0989001792439,0.251847238389
1-6,0.048047500124,0.122351954367
2-3,0.187340164387,0.477057811228
3-4,0.072226898323,0.183924286277
4-5,0.21443606186,0.546056947555
5-6,0.213780947143,0.544388711627
